alpha,temperature_c,mean_s,std_s
1e-12,700,509.97074668426126,526.0
1.1547819846894582e-12,700,511.9749519835617,492.89054191456285
1.333521432163324e-12,700,513.3981084915471,461.88923039587826
1.539926526059492e-12,700,513.9140243041558,432.8618354624272
1.7782794100389228e-12,700,513.3843652225072,405.6826738287426
2.053525026457146e-12,700,511.8692806211192,380.2340647198807
2.3713737056616554e-12,700,509.60345609925173,356.40582033529284
2.7384196342643612e-12,700,506.9439992248096,334.0947687558994
3.1622776601683794e-12,700,504.30083266610853,313.20430722864046
3.651741272548377e-12,700,502.0624740474143,293.64398389430886
4.2169650342858224e-12,700,500.53001008425144,275.3291061476227
4.869675251658631e-12,700,499.8698904122646,258.1803739338094
5.6234132519034904e-12,700,500.09236764498746,242.12353639394144
6.493816315762113e-12,700,501.0577155986458,227.08907037236372
7.498942093324559e-12,700,502.50758754167686,213.01187939420592
8.659643233600653e-12,700,504.11481471767627,199.83101180960975
1e-11,700,505.5422179198535,187.48939688428638
1.1547819846894581e-11,700,506.4999881105099,175.93359769372572
1.3335214321633241e-11,700,506.7919659850453,165.11357975113347
1.539926526059492e-11,700,506.34349970136185,154.98249436729884
1.7782794100389227e-11,700,505.2070219472241,145.49647580437968
2.053525026457146e-11,700,503.54543696575905,136.6144513453195
2.3713737056616552e-11,700,501.5971656178691,128.2979634565306
2.7384196342643612e-11,700,499.6296413112122,120.5110032738415
3.1622776601683794e-11,700,497.8897197952725,113.21985469073263
3.651741272548377e-11,700,496.55962963936526,106.39294837379134
4.216965034285823e-11,700,495.72577748462794,100.0007250733
4.869675251658631e-11,700,495.3652115874501,94.01550763711705
5.6234132519034906e-11,700,495.35131232013305,88.41138117369474
6.493816315762113e-11,700,495.4769019262628,83.16408084536124
7.498942093324558e-11,700,495.4900373834313,78.25088680603281
8.659643233600654e-11,700,495.13576404579317,73.65052582845587
1e-10,700,494.19637936061093,69.34307919504235
1.1547819846894582e-10,700,492.5233706552167,65.30989645348315
1.333521432163324e-10,700,490.05599321740584,61.53351466371734
1.539926526059492e-10,700,486.82408019226614,57.99758278661088
1.778279410038923e-10,700,482.93561971939937,54.68679088696214
2.053525026457146e-10,700,478.5523466767431,51.58680384429616
2.371373705661655e-10,700,473.85858241953434,48.68419928442738
2.7384196342643615e-10,700,469.0294716852768,45.966409463046226
3.1622776601683795e-10,700,464.2044821849935,43.42166684969594
3.651741272548377e-10,700,459.4706585759256,41.03895317652824
4.2169650342858224e-10,700,454.8579795129559,38.80795173122853
4.869675251658631e-10,700,450.34671312775055,36.71900268754746
5.623413251903491e-10,700,445.8843944383464,34.76306128002864
6.493816315762113e-10,700,441.4083752683213,32.93165864183639
7.498942093324559e-10,700,436.86908713842837,31.216865136118727
8.659643233600653e-10,700,432.2492896398449,29.611256022137113
1e-09,700,427.5755611809721,28.107879307503506
1.1547819846894583e-09,700,422.91990823595887,26.70022564733102
1.333521432163324e-09,700,418.39132334857976,25.382200159966796
1.539926526059492e-09,700,414.11906853718483,24.148096037274534
1.7782794100389228e-09,700,410.23105485164575,22.9925698352041
2.053525026457146e-09,700,406.8316345982469,21.910618337660726
2.3713737056616553e-09,700,403.98323028289417,20.897556893498866
2.7384196342643613e-09,700,401.6954587945672,19.948999132843642
3.1622776601683795e-09,700,399.9239111785628,19.0608379749154
3.651741272548377e-09,700,398.57881286343803,18.229227845124736
4.216965034285823e-09,700,397.54180797179885,17.45056802444124
4.869675251658631e-09,700,396.6874895000547,16.721487058941847
5.623413251903491e-09,700,395.9053670879398,16.03882816203494
6.493816315762113e-09,700,395.1179153620853,15.399635546154547
7.498942093324558e-09,700,394.29118606504215,14.801141624743414
8.659643233600654e-09,700,393.43602139688346,14.240755029111801
1e-08,700,392.59985347597035,13.71604938828732
1e-12,800,467.5872976150896,124.0
1.1547819846894582e-12,800,468.2344992852228,116.7295675376171
1.333521432163324e-12,800,468.28559850173207,109.89962831015146
1.539926526059492e-12,800,467.76248794186984,103.48349418164804
1.7782794100389228e-12,800,466.78545470402133,97.45609396856858
2.053525026457146e-12,800,465.54720972284,91.79387547359701
2.3713737056616554e-12,800,464.2755061738796,86.47471345491667
2.7384196342643612e-12,800,463.19141767079907,81.47782317134704
3.1622776601683794e-12,800,462.47080745046117,76.783679165516
3.651741272548377e-12,800,462.21563765198965,72.37393896771076
4.2169650342858224e-12,800,462.4397456019542,68.23137142227884
4.869675251658631e-12,800,463.070948904271,64.33978935651291
5.6234132519034904e-12,800,463.9683499267835,60.68398632892176
6.493816315762113e-12,800,464.9510346750963,57.24967720972958
7.498942093324559e-12,800,465.83247035019156,54.023442361421004
8.659643233600653e-12,800,466.45411462693465,50.99267520121588
1e-11,800,466.7121646865414,48.14553294057308
1.1547819846894581e-11,800,466.57288003558597,45.47089030923694
1.3335214321633241e-11,800,466.07419907336663,42.95829608300197
1.539926526059492e-11,800,465.31398983939687,40.597932245327115
1.7782794100389227e-11,800,464.4277356823567,38.38057562322281
2.053525026457146e-11,800,463.560305258546,36.29756184750207
2.3713737056616552e-11,800,462.83736787615146,34.340751496569574
2.7384196342643612e-11,800,462.3418483149975,32.50249829145498
3.1622776601683794e-11,800,462.09963492093857,30.775619217811577
3.651741272548377e-11,800,462.0768158936847,29.15336645813174
4.216965034285823e-11,800,462.188413832361,27.629401024503288
4.869675251658631e-11,800,462.3163706506169,26.197767988876514
5.6234132519034906e-11,800,462.33282947144517,24.852873214053417
6.493816315762113e-11,800,462.1238841920536,23.58946149447501
7.498942093324558e-11,800,461.6090706207849,22.402596021391417
8.659643233600654e-11,800,460.7529112295268,21.28763909217439
1e-10,800,459.56657216162745,20.240233988393523
1.1547819846894582e-10,800,458.0997839647644,19.25628795184427
1.333521432163324e-10,800,456.42519089346945,18.331956192006352
1.539926526059492e-10,800,454.61882232577125,17.46362686244125
1.778279410038923e-10,800,452.7411185410931,16.64790694742372
2.053525026457146e-10,800,450.82274627161956,15.881609003659156
2.371373705661655e-10,800,448.858350446923,15.16173870527962
2.7384196342643615e-10,800,446.809632628705,14.485483143450447
3.1622776601683795e-10,800,444.61708843433246,13.850199834867857
3.651741272548377e-10,800,442.2178088689473,13.253406396198006
4.2169650342858224e-10,800,439.56536766276076,12.692770844110175
4.869675251658631e-10,800,436.647284071873,12.166102483001223
5.623413251903491e-10,800,433.4959947317271,11.671343344804908
6.493816315762113e-10,800,430.19060226033025,11.206560147436953
7.498942093324559e-10,800,426.8486075493865,10.769936740453282
8.659643233600653e-10,800,423.6089591755486,10.359767008402695
1e-09,800,420.6096141757654,9.974448204143673
1.1547819846894583e-09,800,417.9640137944365,9.612474686075078
1.333521432163324e-09,800,415.74119538022535,9.27243203480889
1.539926526059492e-09,800,413.9536310961404,8.952991526295705
1.7782794100389228e-09,800,412.55543232275744,8.65290493980664
2.053525026457146e-09,800,411.45156417857464,8.370999680483708
2.3713737056616553e-09,800,410.51655591145203,8.106174197399923
2.7384196342643613e-09,800,409.6192827947054,7.857393679225128
3.1622776601683795e-09,800,408.649108043893,7.62368601067822
3.651741272548377e-09,800,407.5382752212288,7.404137973965572
4.216965034285823e-09,800,406.27603558501227,7.197891680362658
4.869675251658631e-09,800,404.9114941170207,7.004141217995217
5.623413251903491e-09,800,403.5442955925432,6.822129502721093
6.493816315762113e-09,800,402.30464710160845,6.651145319807493
7.498942093324558e-09,800,401.32632585154664,6.490520544843969
8.659643233600654e-09,800,400.7178210398177,6.339627533031759
1e-08,800,400.53729229775456,6.197876666648101
1e-12,900,307.5075982837956,365.0
1.1547819846894582e-12,900,313.14699296931707,339.4791747174888
1.333521432163324e-12,900,318.13082212629746,315.76755088803446
1.539926526059492e-12,900,322.8317454702659,293.7368720833471
1.7782794100389228e-12,900,327.543393908502,273.26797412485297
2.053525026457146e-12,900,332.44230611090364,254.25014052337073
2.3713737056616554e-12,900,337.5721937910126,236.580503612431
2.7384196342643612e-12,900,342.85184801482313,220.16348813596207
3.1622776601683794e-12,900,348.10389822551105,204.91029428070217
3.651741272548377e-12,900,353.09825509938605,190.73841735705443
4.2169650342858224e-12,900,357.60191633675885,177.5712015303335
4.869675251658631e-12,900,361.4261748822533,165.33742518853165
5.6234132519034904e-12,900,364.4631687261013,153.97091570385325
6.493816315762113e-12,900,366.70592811107326,143.4101915042595
7.498942093324559e-12,900,368.2491836916769,133.59812951898414
8.659643233600653e-12,900,369.27164340089837,124.48165619922932
1e-11,900,370.0036362492046,116.0114604427693
1.1547819846894581e-11,900,370.6864284448219,108.14172686966843
1.3335214321633241e-11,900,371.5307569904118,100.82988800639818
1.539926526059492e-11,900,372.6820197521439,94.03639403791509
1.7782794100389227e-11,900,374.19816185211914,87.72449888228606
2.053525026457146e-11,900,376.04387805917185,81.86006143073574
2.3713737056616552e-11,900,378.10175179170363,76.41136087802217
2.7384196342643612e-11,900,380.19790851092245,71.34892514426006
3.1622776601683794e-11,900,382.13720996290647,66.64537146012374
3.651741272548377e-11,900,383.7413987145129,62.2752582531534
4.216965034285823e-11,900,384.88319337229683,58.21494753401608
4.869675251658631e-11,900,385.5101910928631,54.44247703836712
5.6234132519034906e-11,900,385.6543872217534,50.937441432726175
6.493816315762113e-11,900,385.42580892658117,47.68088194180898
7.498942093324558e-11,900,384.9916877859992,44.655183800307874
8.659643233600654e-11,900,384.54523199865235,41.84398097443698
1e-10,900,384.2699243888143,39.23206763787927
1.1547819846894582e-10,900,384.30603219312854,36.80531592330865
1.333521432163324e-10,900,384.725536510665,34.55059950460357
1.539926526059492e-10,900,385.5200684963026,32.45572259640787
1.778279410038923e-10,900,386.60398099986503,30.509353986996707
2.053525026457146e-10,900,387.83184726853466,28.700965747630388
2.371373705661655e-10,900,389.02699042567673,27.02077628687467
2.7384196342643615e-10,900,390.0156078613129,25.459697441867466
3.1622776601683795e-10,900,390.6600411044652,24.009285320348184
3.651741272548377e-10,900,390.88494004305886,22.661694627553715
4.2169650342858224e-10,900,390.6914397368642,21.40963623093464
4.869675251658631e-10,900,390.1567486263187,20.246337733158953
5.623413251903491e-10,900,389.4193082012279,19.165506840141987
6.493816315762113e-10,900,388.65240581069423,18.161297325960092
7.498942093324559e-10,900,388.0312918214986,17.228277410551737
8.659643233600653e-10,900,387.70006171626915,16.361400379160706
1e-09,900,387.74458631978723,15.555977284601775
1.1547819846894583e-09,900,388.17660681306324,14.807651584694888
1.333521432163324e-09,900,388.9319780800799,14.112375577681714
1.539926526059492e-09,900,389.8833496575229,13.466388508163279
1.7782794100389228e-09,900,390.86482972337035,12.866196225133567
2.053525026457146e-09,900,391.7039049738848,12.308552282079173
2.3713737056616553e-09,900,392.25451906492776,11.790440376915168
2.7384196342643613e-09,900,392.4250041027304,11.30905803677472
3.1622776601683795e-09,900,392.19555201092714,10.861801459403187
3.651741272548377e-09,900,391.6219155753939,10.44625142916375
4.216965034285823e-09,900,390.82466028862933,10.060160231473988
4.869675251658631e-09,900,389.9660458567549,9.701439494893547
5.623413251903491e-09,900,389.2189744607348,9.368148895100557
6.493816315762113e-09,900,388.73395192717203,9.058485659656514
7.498942093324558e-09,900,388.61038031200576,8.770774816790762
8.659643233600654e-09,900,388.8776655217446,8.503460135460175
1e-08,900,389.4897415478136,8.255095707678725
1e-12,1000,182.89496784737062,85.0
1.1547819846894582e-12,1000,181.30784211441704,80.47079800726114
1.333521432163324e-12,1000,180.07192462913176,76.19176273026656
1.539926526059492e-12,1000,179.2401276944349,72.14907641794957
1.7782794100389228e-12,1000,178.77850125890558,68.32968453126385
2.053525026457146e-12,1000,178.57594190286468,64.72125358780042
2.3713737056616554e-12,1000,178.46851351054818,61.312131334822304
2.7384196342643612e-12,1000,178.27359895782735,58.09130912210856
3.1622776601683794e-12,1000,177.82734095151815,55.04838635310311
3.651741272548377e-12,1000,177.01830164655618,52.17353689957486
4.2169650342858224e-12,1000,175.8110578624202,49.45747737133618
4.869675251658631e-12,1000,174.2553920081724,46.8914371385572
5.6234132519034904e-12,1000,172.47946720782343,44.46713000987275
6.493816315762113e-12,1000,170.66837601354155,42.17672747482547
7.498942093324559e-12,1000,169.03216677434585,40.01283342424051
8.659643233600653e-12,1000,167.76937876665713,37.96846026689927
1e-11,1000,167.03290486561175,36.037006365388905
1.1547819846894581e-11,1000,166.9045111378822,34.21223471826396
1.3335214321633241e-11,1000,167.38267699362717,32.48825281968111
1.539926526059492e-11,1000,168.3858966621696,30.859493631470293
1.7782794100389227e-11,1000,169.77067995055197,29.320697606197722
2.053525026457146e-11,1000,171.3607529369515,27.866895703170066
2.3713737056616552e-11,1000,172.98189888308215,26.493393342535587
2.7384196342643612e-11,1000,174.4958780735945,25.195755245667176
3.1622776601683794e-11,1000,175.8271036596195,23.96979111287425
3.651741272548377e-11,1000,176.97717601980975,22.811542092194404
4.216965034285823e-11,1000,178.0247144081996,21.717267995570058
4.869675251658631e-11,1000,179.11072474662882,20.68343522112904
5.6234132519034906e-11,1000,180.41247330566688,19.70670534256799
6.493816315762113e-11,1000,182.11097945285036,18.783924328791656
7.498942093324558e-11,1000,184.3583911896712,17.9121123589965
8.659643233600654e-11,1000,187.25144901358465,17.088454200309762
1e-10,1000,190.81599164855282,16.310290116911553
1.1547819846894582e-10,1000,195.00525482428262,15.575107281284136
1.333521432163324e-10,1000,199.7119882091735,14.880531659853684
1.539926526059492e-10,1000,204.79169559995034,14.2243203468219
1.778279410038923e-10,1000,210.0921220982669,13.604354321432082
2.053525026457146e-10,1000,215.4829020937708,13.018631605281605
2.371373705661655e-10,1000,220.87929047106255,12.465260797584559
2.7384196342643615e-10,1000,226.25513438861518,11.94245496750879
3.1622776601683795e-10,1000,231.64246368683243,11.448525883864665
3.651741272548377e-10,1000,237.1178361003706,10.981878563512158
4.2169650342858224e-10,1000,242.77830033735856,10.54100612088217
4.869675251658631e-10,1000,248.71196792146046,10.124484901980274
5.623413251903491e-10,1000,254.9692753602613,9.730969887159702
6.493816315762113e-10,1000,261.54086519659415,9.359190347818373
7.498942093324559e-10,1000,268.3466850553747,9.007945742994659
8.659643233600653e-10,1000,275.2387069775408,8.676101842611263
1e-09,1000,282.01706487645055,8.362587064848537
1.1547819846894583e-09,1000,288.4568937642666,8.066389015819908
1.333521432163324e-09,1000,294.3411714075858,7.786551220375495
1.539926526059492e-09,1000,299.4937356570938,7.522170033477065
1.7782794100389228e-09,1000,303.8065567405815,7.272391722170624
2.053525026457146e-09,1000,307.25629971184424,7.0364097087338395
2.3713737056616553e-09,1000,309.90706698681623,6.813461966095941
2.7384196342643613e-09,1000,311.8986565723752,6.602828557119409
3.1622776601683795e-09,1000,313.42228174628644,6.4038293097974375
3.651741272548377e-09,1000,314.6879965736994,6.2158216208599075
4.216965034285823e-09,1000,315.88962233076893,6.038198380695379
4.869675251658631e-09,1000,317.1734648012087,5.870386012888287
5.623413251903491e-09,1000,318.61643903820936,5.711842622040685
6.493816315762113e-09,1000,320.21748757702306,5.562056243897503
7.498942093324558e-09,1000,321.90370739105964,5.420543192124704
8.659643233600654e-09,1000,323.54985391355865,5.286846496401757
1e-08,1000,325.00738842496,5.160534426784796
1e-12,1100,98.92812270771557,25.5
1.1547819846894582e-12,1100,99.39315641868167,23.889887049291538
1.333521432163324e-12,1100,100.15897652092941,22.387793420001373
1.539926526059492e-12,1100,101.07679936229515,20.98647230761524
1.7782794100389228e-12,1100,101.97003821599674,19.679163081527193
2.053525026457146e-12,1100,102.6679754811817,18.45955866858519
2.3713737056616554e-12,1100,103.03810291314245,17.32177512481065
2.7384196342643612e-12,1100,103.01102240056149,16.26032324849171
3.1622776601683794e-12,1100,102.5932328232774,15.270082097698385
3.651741272548377e-12,1100,101.8654386962854,14.346274284455767
4.2169650342858224e-12,1100,100.96676557252594,13.484442926382629
4.869675251658631e-12,1100,100.06793517190137,12.6804301445995
5.6234132519034904e-12,1100,99.33853552823747,11.930357004169878
6.493816315762113e-12,1100,98.91462502295299,11.230604800297934
7.498942093324559e-12,1100,98.87282663127084,10.577797599998533
8.659643233600653e-12,1100,99.2158176509891,9.968785955012374
1e-11,1100,99.87193985860986,9.400631707389733
1.1547819846894581e-11,1100,100.70896092011878,8.870593814437811
1.3335214321633241e-11,1100,101.55932277785591,8.376115124644562
1.539926526059492e-11,1100,102.25202930897697,7.914810040779874
1.7782794100389227e-11,1100,102.64506883290588,7.484453010655109
2.053525026457146e-11,1100,102.65217543633258,7.082967790015025
2.3713737056616552e-11,1100,102.2588229601698,6.708417425761216
2.7384196342643612e-11,1100,101.52440808279037,6.358994911181476
3.1622776601683794e-11,1100,100.5702201226418,6.033014468101484
3.651741272548377e-11,1100,99.55551068649598,5.728903413899858
4.216965034285823e-11,1100,98.64624788836625,5.445194574149216
4.869675251658631e-11,1100,97.98253434218044,5.1805192042782835
5.6234132519034906e-11,1100,97.65092001254868,4.933600386105796
6.493816315762113e-11,1100,97.6669032641204,4.703246867388025
7.498942093324558e-11,1100,97.97096644884573,4.4883473146589505
8.659643233600654e-11,1100,98.43890930868466,4.28786495163615
1e-10,1100,98.90451886050397,4.1008325573255
1.1547819846894582e-10,1100,99.19026928965668,3.9263477996932514
1.333521432163324e-10,1100,99.14022728796697,3.7635688823928724
1.539926526059492e-10,1100,98.64893547478462,3.6117104835444795
1.778279410038923e-10,1100,97.6808326904597,3.4700399669735713
2.053525026457146e-10,1100,96.27659028010927,3.337873847630346
2.371373705661655e-10,1100,94.5452452346089,3.214574494137095
2.7384196342643615e-10,1100,92.64371240752523,3.0995470525552387
3.1622776601683795e-10,1100,90.74764202329227,2.9922365765307917
3.651741272548377e-10,1100,89.01920340680721,2.892125349972746
4.2169650342858224e-10,1100,87.57792061107169,2.7987303893477185
4.869675251658631e-10,1100,86.48006600670769,2.711601113540743
5.623413251903491e-10,1100,85.7104597105996,2.630317170040546
6.493816315762113e-10,1100,85.18814405479694,2.554486406961778
7.498942093324559e-10,1100,84.78475193110755,2.483742981120312
8.659643233600653e-10,1100,84.351963104326,2.417745593034047
1e-09,1100,83.75270044801314,2.356175840334058
1.1547819846894583e-09,1100,82.88999255040505,2.298736681642159
1.333521432163324e-09,1100,81.72786727491423,2.2451510035039113
1.539926526059492e-09,1100,80.3001694089133,2.1951602834632844
1.7782794100389228e-09,1100,78.70552855033183,2.1485233428290176
2.053525026457146e-09,1100,77.08939320958146,2.105015183115445
2.3713737056616553e-09,1100,75.61657086709832,2.0644259005442187
2.7384196342643613e-09,1100,74.43957741320345,2.026559673369988
3.1622776601683795e-09,1100,73.66893686544957,1.9912338171444115
3.651741272548377e-09,1100,73.35121806750676,1.9582779033606548
4.216965034285823e-09,1100,73.4591166221224,1.9275329372263
4.869675251658631e-09,1100,73.89557378088416,1.8988505905978625
5.623413251903491e-09,1100,74.51121782733838,1.8720924863762236
6.493816315762113e-09,1100,75.13184088354446,1.8471295309105709
7.498942093324558e-09,1100,75.59068186809743,1.8238412911900515
8.659643233600654e-09,1100,75.75934931880676,1.802115413818416
1e-08,1100,75.57146684533657,1.7818470829685127
